¤é´Á,¦a°Ï,½T¶E¤H¼Æ,ªvÂ¡¤H¼Æ,¦º¤`¤H¼Æ,·s¼W½T¶E,·s¼WªvÂ¡,·s¼W¦º¤`,²{¦³½T¶E,ÂX´²«ü¼Æ
2020/1/21,¶k¦{,0,0,0,0,0,0,0,0
2020/1/22,¶k¦{,0,0,0,0,0,0,0,0
2020/1/23,¶k¦{,0,0,0,0,0,0,0,0
2020/1/24,¶k¦{,1,0,0,1,0,0,1,0
2020/1/25,¶k¦{,1,0,0,0,0,0,1,0
2020/1/26,¶k¦{,20,0,0,19,0,0,20,19
2020/1/27,¶k¦{,57,0,0,37,0,0,57,1.85
2020/1/28,¶k¦{,84,0,1,27,0,1,83,0.473684211
2020/1/29,¶k¦{,123,0,2,39,0,1,121,0.469879518
2020/1/30,¶k¦{,189,0,6,66,0,4,183,0.545454545
2020/1/31,¶k¦{,227,0,9,38,0,3,218,0.207650273
2020/2/1,¶k¦{,278,0,13,51,0,4,265,0.233944954
2020/2/2,¶k¦{,306,2,15,28,2,2,289,0.105660377
2020/2/3,¶k¦{,332,4,18,26,2,3,310,0.089965398
2020/2/4,¶k¦{,382,6,18,50,2,0,358,0.161290323
2020/2/5,¶k¦{,423,8,18,41,2,0,397,0.11452514
2020/2/6,¶k¦{,471,9,18,48,1,0,444,0.120906801
2020/2/7,¶k¦{,569,11,20,98,2,2,538,0.220720721
2020/2/8,¶k¦{,639,42,21,70,31,1,576,0.130111524
2020/2/9,¶k¦{,725,48,24,86,6,3,653,0.149305556
2020/2/10,¶k¦{,790,61,26,65,13,2,703,0.099540582
2020/2/11,¶k¦{,861,72,28,71,11,2,761,0.100995733
2020/2/12,¶k¦{,1056,95,30,195,23,2,931,0.256241787
2020/2/13,¶k¦{,1125,116,32,69,21,2,977,0.074113856
2020/2/14,¶k¦{,1192,199,33,67,83,1,960,0.068577277
2020/2/15,¶k¦{,1230,222,34,38,23,1,974,0.039583333
2020/2/16,¶k¦{,1274,244,35,44,22,1,995,0.045174538
2020/2/17,¶k¦{,1339,265,36,65,21,1,1038,0.065326633
2020/2/18,¶k¦{,1343,301,37,4,36,1,1005,0.003853565
2020/2/19,¶k¦{,1368,350,38,25,49,1,980,0.024875622
2020/2/20,¶k¦{,1373,375,39,5,25,1,959,0.005102041
2020/2/21,¶k¦{,1375,386,39,2,11,0,950,0.002085506
2020/1/21,®¦¬I¦{,0,0,0,0,0,0,0,0
2020/1/22,®¦¬I¦{,0,0,0,0,0,0,0,0
2020/1/23,®¦¬I¦{,0,0,0,0,0,0,0,0
2020/1/24,®¦¬I¦{,11,0,0,11,0,0,11,0
2020/1/25,®¦¬I¦{,17,0,0,6,0,0,17,0.545454545
2020/1/26,®¦¬I¦{,25,0,0,8,0,0,25,0.470588235
2020/1/27,®¦¬I¦{,38,0,0,13,0,0,38,0.52
2020/1/28,®¦¬I¦{,51,0,0,13,0,0,51,0.342105263
2020/1/29,®¦¬I¦{,66,0,0,15,0,0,66,0.294117647
2020/1/30,®¦¬I¦{,75,0,0,9,0,0,75,0.136363636
2020/1/31,®¦¬I¦{,87,0,0,12,0,0,87,0.16
2020/2/1,®¦¬I¦{,105,1,0,18,1,0,104,0.206896552
2020/2/2,®¦¬I¦{,111,5,0,6,4,0,106,0.057692308
2020/2/3,®¦¬I¦{,123,5,0,12,0,0,118,0.113207547
2020/2/4,®¦¬I¦{,138,6,0,15,1,0,132,0.127118644
2020/2/5,®¦¬I¦{,144,10,0,6,4,0,134,0.045454545
2020/2/6,®¦¬I¦{,157,10,0,13,0,0,147,0.097014925
2020/2/7,®¦¬I¦{,160,13,0,3,3,0,147,0.020408163
2020/2/8,®¦¬I¦{,171,20,0,11,7,0,151,0.074829932
2020/2/9,®¦¬I¦{,187,24,0,16,4,0,163,0.105960265
2020/2/10,®¦¬I¦{,195,31,2,8,7,2,162,0.049079755
2020/2/11,®¦¬I¦{,203,38,3,8,7,1,162,0.049382716
2020/2/12,®¦¬I¦{,229,48,3,26,10,0,178,0.160493827
2020/2/13,®¦¬I¦{,237,58,3,8,10,0,176,0.04494382
2020/2/14,®¦¬I¦{,244,71,3,7,13,0,170,0.039772727
2020/2/15,®¦¬I¦{,247,76,3,3,5,0,168,0.017647059
2020/2/16,®¦¬I¦{,249,81,3,2,5,0,165,0.011904762
2020/2/17,®¦¬I¦{,249,90,3,0,9,0,156,0
2020/2/18,®¦¬I¦{,249,96,3,0,6,0,150,0
2020/2/19,®¦¬I¦{,249,102,3,0,6,0,144,0
2020/2/20,®¦¬I¦{,250,112,3,1,10,0,135,0.006944444
2020/2/21,®¦¬I¦{,251,117,3,1,5,0,131,0.007407407
2020/1/21,¶À©£,12,0,0,0,0,0,12,0
2020/1/22,¶À©£,12,0,0,0,0,0,12,0
2020/1/23,¶À©£,12,0,0,0,0,0,12,0
2020/1/24,¶À©£,64,0,0,52,0,0,64,4.333333333
2020/1/25,¶À©£,122,2,2,58,2,2,118,0.90625
2020/1/26,¶À©£,154,2,4,32,0,2,148,0.271186441
2020/1/27,¶À©£,213,2,4,59,0,0,207,0.398648649
2020/1/28,¶À©£,324,2,5,111,0,1,317,0.536231884
2020/1/29,¶À©£,496,5,12,172,3,7,479,0.542586751
2020/1/30,¶À©£,573,6,12,77,1,0,555,0.160751566
2020/1/31,¶À©£,726,17,14,153,11,2,695,0.275675676
2020/2/1,¶À©£,1002,27,15,276,10,1,960,0.397122302
2020/2/2,¶À©£,1246,32,17,244,5,2,1197,0.254166667
2020/2/3,¶À©£,1422,41,19,176,9,2,1362,0.147034252
2020/2/4,¶À©£,1645,52,25,223,11,6,1568,0.163729809
2020/2/5,¶À©£,1807,62,29,162,10,4,1716,0.103316327
2020/2/6,¶À©£,1897,68,32,90,6,3,1797,0.052447552
2020/2/7,¶À©£,2041,105,36,144,37,4,1900,0.080133556
2020/2/8,¶À©£,2141,137,43,100,32,7,1961,0.052631579
2020/2/9,¶À©£,2252,189,45,111,52,2,2018,0.056603774
2020/2/10,¶À©£,2332,279,52,80,90,7,2001,0.039643211
2020/2/11,¶À©£,2398,338,54,66,59,2,2006,0.032983508
2020/2/12,¶À©£,2628,427,58,230,89,4,2143,0.114656032
2020/2/13,¶À©£,2791,504,59,163,77,1,2228,0.076061596
2020/2/14,¶À©£,2817,611,68,26,107,9,2138,0.011669659
2020/2/15,¶À©£,2823,716,75,6,105,7,2032,0.002806361
2020/2/16,¶À©£,2828,838,78,5,122,3,1912,0.00246063
2020/2/17,¶À©£,2828,941,84,0,103,6,1803,0
2020/2/18,¶À©£,2844,1059,85,16,118,1,1700,0.008874099
2020/2/19,¶À©£,2866,1149,87,22,90,2,1630,0.012941176
2020/2/20,¶À©£,2883,1274,90,17,125,3,1519,0.010429448
2020/2/21,¶À©£,2899,1408,95,16,134,5,1396,0.010533246
2020/1/21,¶À¥Û,0,0,0,0,0,0,0,0
2020/1/22,¶À¥Û,0,0,0,0,0,0,0,0
2020/1/23,¶À¥Û,0,0,0,0,0,0,0,0
2020/1/24,¶À¥Û,0,0,0,0,0,0,0,0
2020/1/25,¶À¥Û,31,0,1,31,0,1,30,0
2020/1/26,¶À¥Û,36,0,1,5,0,0,35,0.166666667
2020/1/27,¶À¥Û,53,0,1,17,0,0,52,0.485714286
2020/1/28,¶À¥Û,86,0,1,33,0,0,85,0.634615385
2020/1/29,¶À¥Û,113,0,1,27,0,0,112,0.317647059
2020/1/30,¶À¥Û,168,0,1,55,0,0,167,0.491071429
2020/1/31,¶À¥Û,209,0,2,41,0,1,207,0.245508982
2020/2/1,¶À¥Û,252,1,2,43,1,0,249,0.207729469
2020/2/2,¶À¥Û,334,9,2,82,8,0,323,0.329317269
2020/2/3,¶À¥Û,405,10,2,71,1,0,393,0.219814241
2020/2/4,¶À¥Û,509,18,2,104,8,0,489,0.264631043
2020/2/5,¶À¥Û,566,25,2,57,7,0,539,0.116564417
2020/2/6,¶À¥Û,635,31,2,69,6,0,602,0.128014842
2020/2/7,¶À¥Û,703,43,2,68,12,0,658,0.112956811
2020/2/8,¶À¥Û,760,53,2,57,10,0,705,0.08662614
2020/2/9,¶À¥Û,805,67,3,45,14,1,735,0.063829787
2020/2/10,¶À¥Û,835,82,5,30,15,2,748,0.040816327
2020/2/11,¶À¥Û,874,96,6,39,14,1,772,0.052139037
2020/2/12,¶À¥Û,911,113,9,37,17,3,789,0.047927461
2020/2/13,¶À¥Û,943,137,11,32,24,2,795,0.040557668
2020/2/14,¶À¥Û,980,170,13,37,33,2,797,0.046540881
2020/2/15,¶À¥Û,983,192,14,3,22,1,777,0.003764115
2020/2/16,¶À¥Û,983,206,15,0,14,1,762,0
2020/2/17,¶À¥Û,983,215,20,0,9,5,748,0
2020/2/18,¶À¥Û,983,262,25,0,47,5,696,0
2020/2/19,¶À¥Û,985,299,26,2,37,1,660,0.002873563
2020/2/20,¶À¥Û,992,339,27,7,40,1,626,0.010606061
2020/2/21,¶À¥Û,997,391,28,5,52,1,578,0.00798722
2020/1/21,¯ðªù,0,0,0,0,0,0,0,0
2020/1/22,¯ðªù,1,0,0,1,0,0,1,0
2020/1/23,¯ðªù,8,0,0,7,0,0,8,7
2020/1/24,¯ðªù,21,0,0,13,0,0,21,1.625
2020/1/25,¯ðªù,38,0,1,17,0,1,37,0.80952381
2020/1/26,¯ðªù,90,0,3,52,0,2,87,1.405405405
2020/1/27,¯ðªù,114,0,3,24,0,0,111,0.275862069
2020/1/28,¯ðªù,142,0,4,28,0,1,138,0.252252252
2020/1/29,¯ðªù,191,0,4,49,0,0,187,0.355072464
2020/1/30,¯ðªù,227,0,5,36,0,1,222,0.192513369
2020/1/31,¯ðªù,251,1,5,24,1,0,245,0.108108108
2020/2/1,¯ðªù,329,3,7,78,2,2,319,0.318367347
2020/2/2,¯ðªù,345,6,11,16,3,4,328,0.05015674
2020/2/3,¯ðªù,400,6,14,55,0,3,380,0.167682927
2020/2/4,¯ðªù,422,16,16,22,10,2,390,0.057894737
2020/2/5,¯ðªù,508,21,17,86,5,1,470,0.220512821
2020/2/6,¯ðªù,553,24,17,45,3,0,512,0.095744681
2020/2/7,¯ðªù,588,36,18,35,12,1,534,0.068359375
2020/2/8,¯ðªù,629,48,19,41,12,1,562,0.076779026
2020/2/9,¯ðªù,641,63,20,12,15,1,558,0.021352313
2020/2/10,¯ðªù,656,69,21,15,6,1,566,0.02688172
2020/2/11,¯ðªù,696,81,24,40,12,3,591,0.070671378
2020/2/12,¯ðªù,860,92,24,164,11,0,744,0.27749577
2020/2/13,¯ðªù,881,105,25,21,13,1,751,0.028225806
2020/2/14,¯ðªù,887,112,28,6,7,3,747,0.007989348
2020/2/15,¯ðªù,894,117,30,7,5,2,747,0.009370817
2020/2/16,¯ðªù,900,132,33,6,15,3,735,0.008032129
2020/2/17,¯ðªù,900,143,33,0,11,0,724,0
2020/2/18,¯ðªù,901,181,33,1,38,0,687,0.001381215
2020/2/19,¯ðªù,906,201,34,5,20,1,671,0.00727802
2020/2/20,¯ðªù,912,229,37,6,28,3,646,0.008941878
2020/2/21,¯ðªù,914,296,37,2,67,0,581,0.003095975
2020/1/21,¯ð¦{,0,0,0,0,0,0,0,0
2020/1/22,¯ð¦{,6,0,0,6,0,0,6,0
2020/1/23,¯ð¦{,8,0,0,2,0,0,8,0.333333333
2020/1/24,¯ð¦{,10,0,0,2,0,0,10,0.25
2020/1/25,¯ð¦{,33,0,2,23,0,2,31,2.3
2020/1/26,¯ð¦{,47,0,2,14,0,0,45,0.451612903
2020/1/27,¯ð¦{,71,0,2,24,0,0,69,0.533333333
2020/1/28,¯ð¦{,101,0,2,30,0,0,99,0.434782609
2020/1/29,¯ð¦{,151,0,3,50,0,1,148,0.505050505
2020/1/30,¯ð¦{,221,0,3,70,0,0,218,0.472972973
2020/1/31,¯ð¦{,287,1,4,66,1,1,282,0.302752294
2020/2/1,¯ð¦{,333,1,4,46,0,0,328,0.163120567
2020/2/2,¯ð¦{,499,3,6,166,2,2,490,0.506097561
2020/2/3,¯ð¦{,613,6,7,114,3,1,600,0.232653061
2020/2/4,¯ð¦{,713,9,9,100,3,2,695,0.166666667
2020/2/5,¯ð¦{,801,18,10,88,9,1,773,0.126618705
2020/2/6,¯ð¦{,885,22,10,84,4,0,853,0.108667529
2020/2/7,¯ð¦{,941,29,11,56,7,1,901,0.065650645
2020/2/8,¯ð¦{,997,33,13,56,4,2,951,0.062153163
2020/2/9,¯ð¦{,1045,45,15,48,12,2,985,0.050473186
2020/2/10,¯ð¦{,1075,55,17,30,10,2,1003,0.030456853
2020/2/11,¯ð¦{,1110,79,21,35,24,4,1010,0.034895314
2020/2/12,¯ð¦{,1393,101,23,283,22,2,1269,0.28019802
2020/2/13,¯ð¦{,1447,158,27,54,57,4,1262,0.042553191
2020/2/14,¯ð¦{,1478,192,32,31,34,5,1254,0.024564184
2020/2/15,¯ð¦{,1490,263,36,12,71,4,1191,0.009569378
2020/2/16,¯ð¦{,1501,305,37,11,42,1,1159,0.009235936
2020/2/17,¯ð¦{,1537,339,38,36,34,1,1160,0.03106126
2020/2/18,¯ð¦{,1541,409,38,4,70,0,1094,0.003448276
2020/2/19,¯ð¦{,1553,451,40,12,42,2,1062,0.010968921
2020/2/20,¯ð¦{,1560,531,40,7,80,0,989,0.006591337
2020/2/21,¯ð¦{,1566,612,40,6,81,0,914,0.006066734
2020/1/21,¼ç¦¿,0,0,0,0,0,0,0,0
2020/1/22,¼ç¦¿,0,0,0,0,0,0,0,0
2020/1/23,¼ç¦¿,0,0,0,0,0,0,0,0
2020/1/24,¼ç¦¿,0,0,0,0,0,0,0,0
2020/1/25,¼ç¦¿,0,0,0,0,0,0,0,0
2020/1/26,¼ç¦¿,5,0,1,5,0,1,4,0
2020/1/27,¼ç¦¿,7,0,1,2,0,0,6,0.5
2020/1/28,¼ç¦¿,8,0,1,1,0,0,7,0.166666667
2020/1/29,¼ç¦¿,10,0,1,2,0,0,9,0.285714286
2020/1/30,¼ç¦¿,12,0,1,2,0,0,11,0.222222222
2020/1/31,¼ç¦¿,27,0,1,15,0,0,26,1.363636364
2020/2/1,¼ç¦¿,35,0,1,8,0,0,34,0.307692308
2020/2/2,¼ç¦¿,35,0,1,0,0,0,34,0
2020/2/3,¼ç¦¿,44,0,1,9,0,0,43,0.264705882
2020/2/4,¼ç¦¿,54,0,1,10,0,0,53,0.23255814
2020/2/5,¼ç¦¿,64,0,1,10,0,0,63,0.188679245
2020/2/6,¼ç¦¿,74,0,1,10,0,0,73,0.158730159
2020/2/7,¼ç¦¿,80,1,2,6,1,1,77,0.082191781
2020/2/8,¼ç¦¿,82,2,2,2,1,0,78,0.025974026
2020/2/9,¼ç¦¿,85,3,2,3,1,0,80,0.038461538
2020/2/10,¼ç¦¿,90,3,3,5,0,1,84,0.0625
2020/2/11,¼ç¦¿,90,8,5,0,5,2,77,0
2020/2/12,¼ç¦¿,94,8,5,4,0,0,81,0.051948052
2020/2/13,¼ç¦¿,104,11,5,10,3,0,88,0.12345679
2020/2/14,¼ç¦¿,116,12,5,12,1,0,99,0.136363636
2020/2/15,¼ç¦¿,166,12,6,50,0,1,148,0.505050505
2020/2/16,¼ç¦¿,182,18,6,16,6,0,158,0.108108108
2020/2/17,¼ç¦¿,185,27,6,3,9,0,152,0.018987342
2020/2/18,¼ç¦¿,185,40,6,0,13,0,139,0
2020/2/19,¼ç¦¿,185,49,7,0,9,1,129,0
2020/2/20,¼ç¦¿,188,57,7,3,8,0,124,0.023255814
2020/2/21,¼ç¦¿,189,67,8,1,10,1,114,0.008064516
2020/1/21,¯«¹A¬[,0,0,0,0,0,0,0,0
2020/1/22,¯«¹A¬[,0,0,0,0,0,0,0,0
2020/1/23,¯«¹A¬[,0,0,0,0,0,0,0,0
2020/1/24,¯«¹A¬[,0,0,0,0,0,0,0,0
2020/1/25,¯«¹A¬[,0,0,0,0,0,0,0,0
2020/1/26,¯«¹A¬[,0,0,0,0,0,0,0,0
2020/1/27,¯«¹A¬[,1,0,0,1,0,0,1,0
2020/1/28,¯«¹A¬[,3,0,0,2,0,0,3,2
2020/1/29,¯«¹A¬[,5,0,0,2,0,0,5,0.666666667
2020/1/30,¯«¹A¬[,7,2,0,2,2,0,5,0.4
2020/1/31,¯«¹A¬[,7,2,0,0,0,0,5,0
2020/2/1,¯«¹A¬[,7,2,0,0,0,0,5,0
2020/2/2,¯«¹A¬[,7,2,0,0,0,0,5,0
2020/2/3,¯«¹A¬[,10,2,0,3,0,0,8,0.6
2020/2/4,¯«¹A¬[,10,2,0,0,0,0,8,0
2020/2/5,¯«¹A¬[,10,2,0,0,0,0,8,0
2020/2/6,¯«¹A¬[,10,2,0,0,0,0,8,0
2020/2/7,¯«¹A¬[,10,2,0,0,0,0,8,0
2020/2/8,¯«¹A¬[,10,2,0,0,0,0,8,0
2020/2/9,¯«¹A¬[,10,6,0,0,4,0,4,0
2020/2/10,¯«¹A¬[,10,6,0,0,0,0,4,0
2020/2/11,¯«¹A¬[,10,7,0,0,1,0,3,0
2020/2/12,¯«¹A¬[,10,8,0,0,1,0,2,0
2020/2/13,¯«¹A¬[,10,8,0,0,0,0,2,0
2020/2/14,¯«¹A¬[,10,8,0,0,0,0,2,0
2020/2/15,¯«¹A¬[,10,8,0,0,0,0,2,0
2020/2/16,¯«¹A¬[,10,8,0,0,0,0,2,0
2020/2/17,¯«¹A¬[,10,10,0,0,2,0,0,0
2020/2/18,¯«¹A¬[,10,10,0,0,0,0,0,0
2020/2/19,¯«¹A¬[,10,10,0,0,0,0,0,0
2020/2/20,¯«¹A¬[,10,10,0,0,0,0,0,0
2020/2/21,¯«¹A¬[,11,10,0,1,0,0,1,0
2020/1/21,¤Q³÷,0,0,0,0,0,0,0,0
2020/1/22,¤Q³÷,0,0,0,0,0,0,0,0
2020/1/23,¤Q³÷,1,0,0,1,0,0,1,0
2020/1/24,¤Q³÷,5,0,0,4,0,0,5,4
2020/1/25,¤Q³÷,20,0,0,15,0,0,20,3
2020/1/26,¤Q³÷,40,0,0,20,0,0,40,1
2020/1/27,¤Q³÷,65,0,0,25,0,0,65,0.625
2020/1/28,¤Q³÷,88,0,0,23,0,0,88,0.353846154
2020/1/29,¤Q³÷,119,0,0,31,0,0,119,0.352272727
2020/1/30,¤Q³÷,150,0,0,31,0,0,150,0.260504202
2020/1/31,¤Q³÷,177,0,0,27,0,0,177,0.18
2020/2/1,¤Q³÷,212,0,0,35,0,0,212,0.197740113
2020/2/2,¤Q³÷,256,2,0,44,2,0,254,0.20754717
2020/2/3,¤Q³÷,291,6,0,35,4,0,285,0.137795276
2020/2/4,¤Q³÷,318,9,0,27,3,0,309,0.094736842
2020/2/5,¤Q³÷,353,14,0,35,5,0,339,0.113268608
2020/2/6,¤Q³÷,395,24,0,42,10,0,371,0.123893805
2020/2/7,¤Q³÷,438,33,0,43,9,0,405,0.115902965
2020/2/8,¤Q³÷,467,40,0,29,7,0,427,0.071604938
2020/2/9,¤Q³÷,481,46,0,14,6,0,435,0.032786885
2020/2/10,¤Q³÷,505,59,1,24,13,1,445,0.055172414
2020/2/11,¤Q³÷,536,70,1,31,11,0,465,0.069662921
2020/2/12,¤Q³÷,562,81,1,26,11,0,480,0.055913978
2020/2/13,¤Q³÷,586,89,2,24,8,1,495,0.05
2020/2/14,¤Q³÷,597,100,2,11,11,0,495,0.022222222
2020/2/15,¤Q³÷,602,116,2,5,16,0,484,0.01010101
2020/2/16,¤Q³÷,612,126,2,10,10,0,484,0.020661157
2020/2/17,¤Q³÷,626,144,2,14,18,0,480,0.02892562
2020/2/18,¤Q³÷,638,164,2,12,20,0,472,0.025
2020/2/19,¤Q³÷,643,187,2,5,23,0,454,0.01059322
2020/2/20,¤Q³÷,656,209,2,13,22,0,445,0.028634361
2020/2/21,¤Q³÷,659,239,2,3,30,0,418,0.006741573
2020/1/21,ÀH¦{,0,0,0,0,0,0,0,0
2020/1/22,ÀH¦{,0,0,0,0,0,0,0,0
2020/1/23,ÀH¦{,0,0,0,0,0,0,0,0
2020/1/24,ÀH¦{,5,0,0,5,0,0,5,0
2020/1/25,ÀH¦{,36,0,0,31,0,0,36,6.2
2020/1/26,ÀH¦{,52,0,0,16,0,0,52,0.444444444
2020/1/27,ÀH¦{,70,0,0,18,0,0,70,0.346153846
2020/1/28,ÀH¦{,116,0,0,46,0,0,116,0.657142857
2020/1/29,ÀH¦{,143,0,0,27,0,0,143,0.232758621
2020/1/30,ÀH¦{,228,0,0,85,0,0,228,0.594405594
2020/1/31,ÀH¦{,304,0,1,76,0,1,303,0.333333333
2020/2/1,ÀH¦{,384,3,3,80,3,2,378,0.264026403
2020/2/2,ÀH¦{,458,3,5,74,0,2,450,0.195767196
2020/2/3,ÀH¦{,641,3,6,183,0,1,632,0.406666667
2020/2/4,ÀH¦{,706,9,8,65,6,2,689,0.102848101
2020/2/5,ÀH¦{,834,9,9,128,0,1,816,0.185776488
2020/2/6,ÀH¦{,915,9,9,81,0,0,897,0.099264706
2020/2/7,ÀH¦{,953,23,9,38,14,0,921,0.042363434
2020/2/8,ÀH¦{,984,23,9,31,0,0,952,0.033659066
2020/2/9,ÀH¦{,1049,23,10,65,0,1,1016,0.068277311
2020/2/10,ÀH¦{,1095,26,12,46,3,2,1057,0.045275591
2020/2/11,ÀH¦{,1129,51,12,34,25,0,1066,0.032166509
2020/2/12,ÀH¦{,1160,62,14,31,11,2,1084,0.029080675
2020/2/13,ÀH¦{,1206,72,16,46,10,2,1118,0.042435424
2020/2/14,ÀH¦{,1232,96,19,26,24,3,1117,0.023255814
2020/2/15,ÀH¦{,1254,113,22,22,17,3,1119,0.019695613
2020/2/16,ÀH¦{,1267,140,24,13,27,2,1103,0.011617516
2020/2/17,ÀH¦{,1278,198,25,11,58,1,1055,0.009972801
2020/2/18,ÀH¦{,1280,254,26,2,56,1,1000,0.001895735
2020/2/19,ÀH¦{,1288,308,27,8,54,1,953,0.008
2020/2/20,ÀH¦{,1292,386,28,4,78,1,878,0.004197272
2020/2/21,ÀH¦{,1296,443,29,4,57,1,824,0.004555809
2020/1/21,¤Ñªù,0,0,0,0,0,0,0,0
2020/1/22,¤Ñªù,0,0,0,0,0,0,0,0
2020/1/23,¤Ñªù,0,0,0,0,0,0,0,0
2020/1/24,¤Ñªù,3,0,0,3,0,0,3,0
2020/1/25,¤Ñªù,5,0,0,2,0,0,5,0.666666667
2020/1/26,¤Ñªù,13,0,0,8,0,0,13,1.6
2020/1/27,¤Ñªù,23,0,2,10,0,2,21,0.769230769
2020/1/28,¤Ñªù,34,0,3,11,0,1,31,0.523809524
2020/1/29,¤Ñªù,44,0,3,10,0,0,41,0.322580645
2020/1/30,¤Ñªù,67,0,6,23,0,3,61,0.56097561
2020/1/31,¤Ñªù,82,0,7,15,0,1,75,0.245901639
2020/2/1,¤Ñªù,99,0,7,17,0,0,92,0.226666667
2020/2/2,¤Ñªù,115,0,10,16,0,3,105,0.173913043
2020/2/3,¤Ñªù,117,0,10,2,0,0,107,0.019047619
2020/2/4,¤Ñªù,128,0,10,11,0,0,118,0.102803738
2020/2/5,¤Ñªù,138,1,10,10,1,0,127,0.084745763
2020/2/6,¤Ñªù,163,1,10,25,0,0,152,0.196850394
2020/2/7,¤Ñªù,179,1,10,16,0,0,168,0.105263158
2020/2/8,¤Ñªù,197,1,10,18,0,0,186,0.107142857
2020/2/9,¤Ñªù,217,10,10,20,9,0,197,0.107526882
2020/2/10,¤Ñªù,261,12,10,44,2,0,239,0.223350254
2020/2/11,¤Ñªù,293,12,10,32,0,0,271,0.133891213
2020/2/12,¤Ñªù,362,13,10,69,1,0,339,0.254612546
2020/2/13,¤Ñªù,416,21,10,54,8,0,385,0.159292035
2020/2/14,¤Ñªù,422,21,10,6,0,0,391,0.015584416
2020/2/15,¤Ñªù,447,27,10,25,6,0,410,0.063938619
2020/2/16,¤Ñªù,485,39,10,38,12,0,436,0.092682927
2020/2/17,¤Ñªù,486,55,11,1,16,1,420,0.002293578
2020/2/18,¤Ñªù,486,73,11,0,18,0,402,0
2020/2/19,¤Ñªù,488,133,12,2,60,1,343,0.004975124
2020/2/20,¤Ñªù,492,165,12,4,32,0,315,0.011661808
2020/2/21,¤Ñªù,493,198,12,1,33,0,283,0.003174603
2020/1/21,ªZº~,363,28,9,0,0,0,326,0
2020/1/22,ªZº~,425,28,17,62,0,8,380,0.190184049
2020/1/23,ªZº~,495,31,23,70,3,6,441,0.184210526
2020/1/24,ªZº~,572,32,38,77,1,15,502,0.174603175
2020/1/25,ªZº~,618,40,45,46,8,7,533,0.091633466
2020/1/26,ªZº~,698,42,63,80,2,18,593,0.150093809
2020/1/27,ªZº~,1590,45,85,892,3,22,1460,1.504215852
2020/1/28,ªZº~,1905,78,104,315,33,19,1723,0.215753425
2020/1/29,ªZº~,2261,85,129,356,7,25,2047,0.206616367
2020/1/30,ªZº~,2639,106,159,378,21,30,2374,0.184660479
2020/1/31,ªZº~,3215,142,192,576,36,33,2881,0.242628475
2020/2/1,ªZº~,4109,174,224,894,32,32,3711,0.310308921
2020/2/2,ªZº~,5142,227,265,1033,53,41,4650,0.278361628
2020/2/3,ªZº~,6384,306,313,1242,79,48,5765,0.267096774
2020/2/4,ªZº~,8351,369,362,1967,63,49,7620,0.341196878
2020/2/5,ªZº~,10117,432,414,1766,63,52,9271,0.23175853
2020/2/6,ªZº~,11618,535,478,1501,103,64,10605,0.161902707
2020/2/7,ªZº~,13603,699,545,1985,164,67,12359,0.18717586
2020/2/8,ªZº~,14982,878,608,1379,179,63,13496,0.111578607
2020/2/9,ªZº~,16902,1045,681,1920,167,73,15176,0.142264375
2020/2/10,ªZº~,18454,1207,748,1552,162,67,16499,0.102266737
2020/2/11,ªZº~,19558,1378,820,1104,171,72,17360,0.066913146
2020/2/12,ªZº~,32081,1646,928,12523,268,108,29507,0.721370968
2020/2/13,ªZº~,35991,2016,1016,3910,370,88,32959,0.13251093
2020/2/14,ªZº~,37914,2502,1123,1923,486,107,34289,0.058345217
2020/2/15,ªZº~,39462,2915,1233,1548,413,110,35314,0.045145674
2020/2/16,ªZº~,41152,3458,1309,1690,543,76,36385,0.047856374
2020/2/17,ªZº~,42752,4219,1381,1600,761,72,37152,0.043974165
2020/2/18,ªZº~,44412,4895,1497,1660,676,116,38020,0.044681309
2020/2/19,ªZº~,45027,5448,1585,615,553,88,37994,0.016175697
2020/2/20,ªZº~,45576,6214,1684,539,766,99,37668,0.014309
2020/2/21,ªZº~,45881,7209,1774,315,995,90,36680,0.008587
2020/1/21,¥P®ç,0,0,0,0,0,0,0,0
2020/1/22,¥P®ç,0,0,0,0,0,0,0,0
2020/1/23,¥P®ç,2,0,0,2,0,0,2,0
2020/1/24,¥P®ç,10,0,0,8,0,0,10,4
2020/1/25,¥P®ç,11,0,0,1,0,0,11,0.1
2020/1/26,¥P®ç,12,0,0,1,0,0,12,0.090909091
2020/1/27,¥P®ç,27,0,0,15,0,0,27,1.25
2020/1/28,¥P®ç,32,0,0,5,0,0,32,0.185185185
2020/1/29,¥P®ç,55,0,0,23,0,0,55,0.71875
2020/1/30,¥P®ç,90,0,1,35,0,1,89,0.636363636
2020/1/31,¥P®ç,97,0,1,7,0,0,96,0.078651685
2020/2/1,¥P®ç,140,0,3,43,0,2,137,0.447916667
2020/2/2,¥P®ç,169,0,3,29,0,0,166,0.211678832
2020/2/3,¥P®ç,188,0,3,19,0,0,185,0.114457831
2020/2/4,¥P®ç,225,0,4,37,0,1,221,0.2
2020/2/5,¥P®ç,265,0,5,40,0,1,260,0.180995475
2020/2/6,¥P®ç,307,11,5,42,11,0,291,0.161538462
2020/2/7,¥P®ç,359,14,5,52,3,0,340,0.178694158
2020/2/8,¥P®ç,379,16,5,20,2,0,358,0.058823529
2020/2/9,¥P®ç,416,16,7,37,0,2,393,0.103351955
2020/2/10,¥P®ç,438,41,11,22,25,4,386,0.055979644
2020/2/11,¥P®ç,460,43,13,22,2,2,404,0.056994819
2020/2/12,¥P®ç,480,48,16,20,5,3,416,0.04950495
2020/2/13,¥P®ç,500,58,17,20,10,1,425,0.048076923
2020/2/14,¥P®ç,514,63,17,14,5,0,434,0.032941176
2020/2/15,¥P®ç,523,87,17,9,24,0,419,0.020737327
2020/2/16,¥P®ç,531,107,19,8,20,2,405,0.019093079
2020/2/17,¥P®ç,544,121,19,13,14,0,404,0.032098765
2020/2/18,¥P®ç,562,149,19,18,28,0,394,0.044554455
2020/2/19,¥P®ç,567,184,19,5,35,0,364,0.012690355
2020/2/20,¥P®ç,568,210,19,1,26,0,339,0.002747253
2020/2/21,¥P®ç,571,231,19,3,21,0,321,0.008849558
2020/1/21,«wÉr,0,0,0,0,0,0,0,0
2020/1/22,«wÉr,0,0,0,0,0,0,0,0
2020/1/23,«wÉr,0,0,0,0,0,0,0,0
2020/1/24,«wÉr,0,0,0,0,0,0,0,0
2020/1/25,«wÉr,43,0,0,43,0,0,43,0
2020/1/26,«wÉr,64,0,0,21,0,0,64,0.488372093
2020/1/27,«wÉr,91,0,0,27,0,0,91,0.421875
2020/1/28,«wÉr,112,0,0,21,0,0,112,0.230769231
2020/1/29,«wÉr,130,0,0,18,0,0,130,0.160714286
2020/1/30,«wÉr,166,0,0,36,0,0,166,0.276923077
2020/1/31,«wÉr,206,1,0,40,1,0,205,0.240963855
2020/2/1,«wÉr,246,1,0,40,0,0,245,0.195121951
2020/2/2,«wÉr,296,1,0,50,0,0,295,0.204081633
2020/2/3,«wÉr,348,1,0,52,0,0,347,0.176271186
2020/2/4,«wÉr,384,2,0,36,1,0,382,0.103746398
2020/2/5,«wÉr,399,3,1,15,1,1,395,0.039267016
2020/2/6,«wÉr,443,6,1,44,3,0,436,0.111392405
2020/2/7,«wÉr,476,12,2,33,6,1,462,0.075688073
2020/2/8,«wÉr,493,23,4,17,11,2,466,0.036796537
2020/2/9,«wÉr,507,44,4,14,21,0,459,0.030042918
2020/2/10,«wÉr,515,51,5,8,7,1,459,0.017429194
2020/2/11,«wÉr,525,65,6,10,14,1,454,0.021786492
2020/2/12,«wÉr,532,84,7,7,19,1,441,0.015418502
2020/2/13,«wÉr,732,99,8,200,15,1,625,0.453514739
2020/2/14,«wÉr,804,127,8,72,28,0,669,0.1152
2020/2/15,«wÉr,816,152,8,12,25,0,656,0.01793722
2020/2/16,«wÉr,825,181,10,9,29,2,634,0.013719512
2020/2/17,«wÉr,832,204,10,7,23,0,618,0.011041009
2020/2/18,«wÉr,832,225,10,0,21,0,597,0
2020/2/19,«wÉr,834,268,10,2,43,0,556,0.003350084
2020/2/20,«wÉr,834,313,10,0,45,0,511,0
2020/2/21,«wÉr,836,358,11,2,45,1,467,0.003913894
2020/1/21,Á¸¶§,0,0,0,0,0,0,0,0
2020/1/22,Á¸¶§,0,0,0,0,0,0,0,0
2020/1/23,Á¸¶§,0,0,0,0,0,0,0,0
2020/1/24,Á¸¶§,0,0,0,0,0,0,0,0
2020/1/25,Á¸¶§,2,0,0,2,0,0,2,0
2020/1/26,Á¸¶§,36,0,0,34,0,0,36,17
2020/1/27,Á¸¶§,70,0,0,34,0,0,70,0.944444444
2020/1/28,Á¸¶§,131,0,0,61,0,0,131,0.871428571
2020/1/29,Á¸¶§,163,0,0,32,0,0,163,0.244274809
2020/1/30,Á¸¶§,286,0,0,123,0,0,286,0.754601227
2020/1/31,Á¸¶§,347,0,0,61,0,0,347,0.213286713
2020/2/1,Á¸¶§,441,0,0,94,0,0,441,0.270893372
2020/2/2,Á¸¶§,548,0,0,107,0,0,548,0.242630385
2020/2/3,Á¸¶§,632,1,1,84,1,1,630,0.153284672
2020/2/4,Á¸¶§,735,7,2,103,6,1,726,0.163492063
2020/2/5,Á¸¶§,787,10,2,52,3,0,775,0.071625344
2020/2/6,Á¸¶§,838,29,3,51,19,1,806,0.065806452
2020/2/7,Á¸¶§,907,31,5,69,2,2,871,0.08560794
2020/2/8,Á¸¶§,988,40,7,81,9,2,941,0.092996556
2020/2/9,Á¸¶§,1019,42,9,31,2,2,968,0.032943677
2020/2/10,Á¸¶§,1063,49,12,44,7,3,1002,0.045454545
2020/2/11,Á¸¶§,1088,60,12,25,11,0,1016,0.0249501
2020/2/12,Á¸¶§,1101,66,13,13,6,1,1022,0.012795276
2020/2/13,Á¸¶§,1111,73,16,10,7,3,1022,0.009784736
2020/2/14,Á¸¶§,1128,85,18,17,12,2,1025,0.016634051
2020/2/15,Á¸¶§,1144,114,19,16,29,1,1011,0.015609756
2020/2/16,Á¸¶§,1155,151,20,11,37,1,984,0.010880317
2020/2/17,Á¸¶§,1163,182,21,8,31,1,960,0.008130081
2020/2/18,Á¸¶§,1165,230,22,2,48,1,913,0.002083333
2020/2/19,Á¸¶§,1168,294,23,3,64,1,851,0.003285871
2020/2/20,Á¸¶§,1171,343,24,3,49,1,804,0.003525264
2020/2/21,Á¸¶§,1173,402,26,2,59,2,745,0.002487562
2020/1/21,§µ·P,0,0,0,0,0,0,0,0
2020/1/22,§µ·P,0,0,0,0,0,0,0,0
2020/1/23,§µ·P,22,0,0,22,0,0,22,0
2020/1/24,§µ·P,26,0,0,4,0,0,26,0.181818182
2020/1/25,§µ·P,55,0,0,29,0,0,55,1.115384615
2020/1/26,§µ·P,100,0,1,45,0,1,99,0.818181818
2020/1/27,§µ·P,173,0,1,73,0,0,172,0.737373737
2020/1/28,§µ·P,274,0,3,101,0,2,271,0.587209302
2020/1/29,§µ·P,399,0,6,125,0,3,393,0.461254613
2020/1/30,§µ·P,541,2,9,142,2,3,530,0.361323155
2020/1/31,§µ·P,628,2,12,87,0,3,614,0.164150943
2020/2/1,§µ·P,749,2,14,121,0,2,733,0.197068404
2020/2/2,§µ·P,918,2,14,169,0,0,902,0.230559345
2020/2/3,§µ·P,1120,4,17,202,2,3,1099,0.223946785
2020/2/4,§µ·P,1462,6,18,342,2,1,1438,0.311191993
2020/2/5,§µ·P,1886,9,25,424,3,7,1852,0.294853964
2020/2/6,§µ·P,2141,25,25,255,16,0,2091,0.137688985
2020/2/7,§µ·P,2313,38,26,172,13,1,2249,0.082257293
2020/2/8,§µ·P,2436,45,29,123,7,3,2362,0.054690974
2020/2/9,§µ·P,2541,81,33,105,36,4,2427,0.044453853
2020/2/10,§µ·P,2642,139,41,101,58,8,2462,0.041615163
2020/2/11,§µ·P,2751,179,45,109,40,4,2527,0.044272949
2020/2/12,§µ·P,2874,207,49,123,28,4,2618,0.048674317
2020/2/13,§µ·P,3009,255,57,135,48,8,2697,0.051566081
2020/2/14,§µ·P,3114,313,62,105,58,5,2739,0.038932147
2020/2/15,§µ·P,3201,353,65,87,40,3,2783,0.031763417
2020/2/16,§µ·P,3279,449,70,78,96,5,2760,0.028027309
2020/2/17,§µ·P,3320,523,75,41,74,5,2722,0.014855072
2020/2/18,§µ·P,3344,572,82,24,49,7,2690,0.008817046
2020/2/19,§µ·P,3410,673,89,66,101,7,2648,0.024535316
2020/2/20,§µ·P,3427,771,94,17,98,5,2562,0.00641994
2020/2/21,§µ·P,3429,917,98,2,146,4,2414,0.00078064
2020/1/21,©y©÷,0,0,0,0,0,0,0,0
2020/1/22,©y©÷,0,0,0,0,0,0,0,0
2020/1/23,©y©÷,1,0,1,1,0,1,0,0
2020/1/24,©y©÷,1,0,1,0,0,0,0,0
2020/1/25,©y©÷,20,0,1,19,0,0,19,0
2020/1/26,©y©÷,31,0,1,11,0,0,30,0.578947368
2020/1/27,©y©÷,51,0,1,20,0,0,50,0.666666667
2020/1/28,©y©÷,63,0,1,12,0,0,62,0.24
2020/1/29,©y©÷,117,0,1,54,0,0,116,0.870967742
2020/1/30,©y©÷,167,0,1,50,0,0,166,0.431034483
2020/1/31,©y©÷,276,0,1,109,0,0,275,0.656626506
2020/2/1,©y©÷,353,0,1,77,0,0,352,0.28
2020/2/2,©y©÷,392,1,1,39,1,0,390,0.110795455
2020/2/3,©y©÷,452,2,3,60,1,2,447,0.153846154
2020/2/4,©y©÷,496,9,4,44,7,1,483,0.098434004
2020/2/5,©y©÷,563,9,6,67,0,2,548,0.138716356
2020/2/6,©y©÷,610,11,7,47,2,1,592,0.085766423
2020/2/7,©y©÷,633,24,8,23,13,1,601,0.038851351
2020/2/8,©y©÷,711,36,8,78,12,0,667,0.129783694
2020/2/9,©y©÷,749,43,8,38,7,0,698,0.056971514
2020/2/10,©y©÷,772,52,8,23,9,0,712,0.032951289
2020/2/11,©y©÷,784,62,8,12,10,0,714,0.016853933
2020/2/12,©y©÷,810,72,11,26,10,3,727,0.036414566
2020/2/13,©y©÷,877,81,13,67,9,2,783,0.09215956
2020/2/14,©y©÷,895,92,15,18,11,2,788,0.022988506
2020/2/15,©y©÷,895,140,21,0,48,6,734,0
2020/2/16,©y©÷,895,156,24,0,16,3,715,0
2020/2/17,©y©÷,904,186,24,9,30,0,694,0.012587413
2020/2/18,©y©÷,907,208,25,3,22,1,674,0.004322767
2020/2/19,©y©÷,910,231,27,3,23,2,652,0.004451039
2020/2/20,©y©÷,914,250,28,4,19,1,636,0.006134969
2020/2/21,©y©÷,914,273,29,0,23,1,612,0
2020/1/21,Á`­p,375,28,9,0,0,0,338,0
2020/1/22,Á`­p,444,28,17,69,0,8,399,0.204142012
2020/1/23,Á`­p,549,31,24,105,3,7,494,0.263157895
2020/1/24,Á`­p,729,32,39,180,1,15,658,0.36437247
2020/1/25,Á`­p,1052,42,52,323,10,13,958,0.490881459
2020/1/26,Á`­p,1423,44,76,371,2,24,1303,0.387265136
2020/1/27,Á`­p,2714,47,100,1291,3,24,2567,0.990790483
2020/1/28,Á`­p,3554,80,125,840,33,25,3349,0.32723023
2020/1/29,Á`­p,4586,90,162,1032,10,37,4334,0.308151687
2020/1/30,Á`­p,5806,116,204,1220,26,42,5486,0.281495155
2020/1/31,Á`­p,7153,166,249,1347,50,45,6738,0.245534087
2020/2/1,Á`­p,9074,215,294,1921,49,45,8565,0.285099436
2020/2/2,Á`­p,11177,295,350,2103,80,56,10532,0.245534151
2020/2/3,Á`­p,13522,397,414,2345,102,64,12711,0.222654766
2020/2/4,Á`­p,16678,520,479,3156,123,65,15679,0.248288884
2020/2/5,Á`­p,19665,633,549,2987,113,70,18483,0.190509599
2020/2/6,Á`­p,22112,817,618,2447,184,69,20677,0.132391928
2020/2/7,Á`­p,24953,1115,699,2841,298,81,23139,0.137399042
2020/2/8,Á`­p,27066,1439,780,2113,324,81,24847,0.091317689
2020/2/9,Á`­p,29631,1795,871,2565,356,91,26965,0.103231778
2020/2/10,Á`­p,31728,2222,974,2097,427,103,28532,0.077767476
2020/2/11,Á`­p,33366,2639,1068,1638,417,94,29659,0.057409225
2020/2/12,Á`­p,47163,3171,1202,13797,532,134,42790,0.465187633
2020/2/13,Á`­p,51986,3861,1318,4823,690,116,46807,0.112713251
2020/2/14,Á`­p,54344,4774,1456,2358,913,138,48114,0.05037708
2020/2/15,Á`­p,56187,5623,1595,1843,849,139,48969,0.038304859
2020/2/16,Á`­p,58128,6639,1695,1941,1016,100,49794,0.039637322
2020/2/17,Á`­p,59936,7862,1788,1808,1223,93,50286,0.036309596
2020/2/18,Á`­p,61682,9128,1921,1746,1266,133,50633,0.034721394
2020/2/19,Á`­p,62457,10337,2029,775,1209,108,50091,0.015306223
2020/2/20,Á`­p,63088,11788,2144,631,1451,115,49516,0.012597073
2020/2/21,Á`­p,63454,13557,2250,366,1767,106,47647,0.00739155
